,Zip Code,Total Households,Population Over 25 With No High School Diploma,Population Over 25 With Associate Degree,Population Over 25 With Bachelor Degree,Population Over 25 With Graduate/Professional Degree,Households With Computer Access and Broadband Internet
0,1001,6791.0,694.0,1394.0,2808.0,1789.0,5781.0
1,1002,9985.0,153.0,689.0,3291.0,6527.0,9273.0
2,1003,15.0,0.0,46.0,1.0,32.0,10.0
3,1005,1761.0,16.0,276.0,642.0,647.0,1617.0
4,1007,5917.0,164.0,1328.0,2573.0,2524.0,5580.0
5,1008,506.0,60.0,128.0,168.0,137.0,392.0
6,1009,333.0,11.0,11.0,240.0,23.0,284.0
7,1010,1503.0,80.0,271.0,870.0,355.0,1352.0
8,1011,498.0,86.0,69.0,73.0,110.0,372.0
9,1012,227.0,46.0,24.0,51.0,49.0,164.0
10,1013,9375.0,1447.0,1440.0,2030.0,1495.0,8061.0
11,1020,13400.0,2272.0,2406.0,3193.0,1450.0,11706.0
12,1022,1082.0,85.0,103.0,368.0,140.0,834.0
13,1026,454.0,10.0,62.0,228.0,219.0,379.0
14,1027,8451.0,544.0,1517.0,3137.0,2412.0,7643.0
15,1028,6017.0,411.0,1266.0,2855.0,2194.0,5242.0
16,1029,228.0,97.0,14.0,69.0,39.0,182.0
17,1030,4994.0,260.0,1006.0,1810.0,1273.0,4531.0
18,1031,608.0,79.0,124.0,154.0,117.0,550.0
19,1032,198.0,3.0,31.0,103.0,61.0,167.0
20,1033,2530.0,177.0,465.0,1170.0,770.0,2236.0
21,1034,830.0,55.0,150.0,363.0,241.0,725.0
22,1035,2254.0,88.0,211.0,1402.0,909.0,2092.0
23,1036,2016.0,121.0,581.0,776.0,674.0,1910.0
24,1037,257.0,20.0,62.0,139.0,80.0,225.0
25,1038,1111.0,47.0,150.0,585.0,376.0,980.0
26,1039,709.0,15.0,57.0,380.0,401.0,670.0
27,1040,15062.0,3600.0,2313.0,3462.0,2216.0,12214.0
28,1050,1072.0,108.0,179.0,445.0,160.0,970.0
29,1053,712.0,20.0,79.0,399.0,300.0,604.0
30,1054,708.0,58.0,73.0,344.0,585.0,662.0
31,1056,8567.0,1058.0,1748.0,2658.0,1042.0,7426.0
32,1057,3485.0,397.0,657.0,959.0,658.0,3129.0
33,1060,7060.0,406.0,437.0,3382.0,4562.0,6227.0
34,1062,4162.0,285.0,652.0,1864.0,2092.0,3571.0
35,1063,5.0,0.0,0.0,0.0,5.0,5.0
36,1066,34.0,26.0,0.0,17.0,0.0,8.0
37,1068,625.0,44.0,146.0,293.0,176.0,572.0
38,1069,3732.0,545.0,542.0,1130.0,461.0,3368.0
39,1070,258.0,14.0,39.0,87.0,130.0,217.0
40,1071,518.0,34.0,137.0,184.0,78.0,419.0
41,1072,609.0,11.0,79.0,343.0,398.0,537.0
42,1073,2318.0,252.0,634.0,999.0,717.0,2266.0
43,1074,157.0,0.0,43.0,41.0,23.0,128.0
44,1075,7328.0,404.0,1242.0,2839.0,2717.0,6410.0
45,1077,3648.0,340.0,718.0,1387.0,1074.0,3097.0
46,1079,237.0,0.0,34.0,75.0,40.0,237.0
47,1080,895.0,89.0,113.0,223.0,72.0,791.0
48,1081,708.0,59.0,135.0,200.0,150.0,681.0
49,1082,4689.0,454.0,657.0,1116.0,525.0,4224.0
50,1083,934.0,98.0,191.0,258.0,184.0,722.0
51,1084,44.0,4.0,2.0,32.0,17.0,35.0
52,1085,15608.0,1830.0,3198.0,5992.0,3183.0,13742.0
53,1088,345.0,0.0,55.0,36.0,83.0,194.0
54,1089,12734.0,1203.0,1770.0,4287.0,3097.0,11278.0
55,1092,532.0,31.0,115.0,258.0,116.0,420.0
56,1093,70.0,0.0,5.0,36.0,5.0,67.0
57,1094,31.0,0.0,0.0,7.0,0.0,10.0
58,1095,5417.0,248.0,1122.0,2724.0,2597.0,4702.0
59,1096,1058.0,50.0,247.0,508.0,404.0,871.0
60,1097,26.0,9.0,11.0,9.0,0.0,26.0
61,1098,510.0,23.0,87.0,194.0,181.0,432.0
62,1103,1434.0,205.0,127.0,350.0,243.0,932.0
63,1104,9208.0,2203.0,1278.0,1292.0,796.0,6867.0
64,1105,5206.0,1089.0,660.0,348.0,366.0,3554.0
65,1106,6015.0,253.0,833.0,3515.0,3400.0,5564.0
66,1107,4234.0,1287.0,374.0,656.0,412.0,3273.0
67,1108,10213.0,1886.0,1286.0,1959.0,1454.0,8096.0
68,1109,9506.0,2731.0,1150.0,1825.0,1054.0,7202.0
69,1118,5785.0,465.0,1261.0,1979.0,1131.0,5266.0
70,1119,5230.0,551.0,888.0,1043.0,671.0,4056.0
71,1128,1136.0,82.0,211.0,355.0,419.0,978.0
72,1129,2523.0,231.0,438.0,870.0,594.0,2169.0
73,1144,0.0,0.0,0.0,0.0,0.0,0.0
74,1151,3664.0,756.0,606.0,806.0,294.0,2966.0
75,1201,19952.0,1868.0,3163.0,6678.0,4483.0,17119.0
76,1220,3948.0,454.0,696.0,980.0,418.0,3166.0
77,1222,289.0,65.0,81.0,110.0,32.0,247.0
78,1223,1223.0,74.0,232.0,388.0,344.0,1038.0
79,1224,80.0,15.0,0.0,0.0,39.0,66.0
80,1225,1509.0,101.0,275.0,596.0,233.0,1292.0
81,1226,2907.0,165.0,545.0,1036.0,934.0,2485.0
82,1229,88.0,8.0,7.0,26.0,27.0,51.0
83,1230,3793.0,220.0,707.0,1606.0,1276.0,3255.0
84,1235,1104.0,185.0,196.0,267.0,146.0,944.0
85,1236,704.0,55.0,53.0,415.0,315.0,680.0
86,1237,1019.0,48.0,155.0,357.0,371.0,891.0
87,1238,2292.0,99.0,386.0,723.0,869.0,2146.0
88,1240,2158.0,135.0,283.0,1073.0,828.0,1743.0
89,1242,93.0,0.0,17.0,34.0,38.0,93.0
90,1243,80.0,0.0,10.0,27.0,21.0,63.0
91,1244,68.0,6.0,5.0,29.0,12.0,42.0
92,1245,355.0,8.0,33.0,113.0,254.0,326.0
93,1247,6527.0,618.0,804.0,1512.0,1078.0,5489.0
94,1253,434.0,26.0,74.0,195.0,150.0,366.0
95,1254,440.0,5.0,45.0,260.0,245.0,409.0
96,1255,309.0,48.0,40.0,73.0,112.0,253.0
97,1256,330.0,28.0,45.0,83.0,46.0,297.0
98,1257,1013.0,10.0,161.0,317.0,419.0,853.0
99,1258,77.0,0.0,5.0,33.0,39.0,67.0
100,1259,292.0,8.0,29.0,100.0,145.0,244.0
101,1260,81.0,0.0,126.0,0.0,11.0,81.0
102,1262,688.0,31.0,131.0,205.0,365.0,572.0
103,1264,100.0,0.0,17.0,50.0,62.0,68.0
104,1266,421.0,28.0,28.0,258.0,244.0,409.0
105,1267,2541.0,86.0,220.0,920.0,1921.0,2347.0
106,1270,372.0,24.0,93.0,173.0,103.0,344.0
107,1301,8190.0,842.0,1729.0,2751.0,1944.0,7123.0
108,1330,704.0,21.0,150.0,300.0,334.0,599.0
109,1331,5450.0,724.0,1177.0,1333.0,685.0,4867.0
110,1337,1007.0,78.0,239.0,348.0,260.0,921.0
111,1338,63.0,5.0,0.0,0.0,31.0,57.0
112,1339,627.0,47.0,127.0,188.0,194.0,509.0
113,1340,797.0,54.0,128.0,227.0,265.0,639.0
114,1341,730.0,29.0,133.0,335.0,463.0,677.0
115,1342,343.0,15.0,40.0,160.0,232.0,305.0
116,1343,60.0,17.0,12.0,28.0,5.0,49.0
117,1344,681.0,71.0,94.0,211.0,82.0,594.0
118,1346,180.0,2.0,24.0,94.0,50.0,150.0
119,1347,96.0,0.0,31.0,59.0,0.0,96.0
120,1349,327.0,8.0,18.0,63.0,78.0,266.0
121,1350,52.0,5.0,11.0,4.0,1.0,38.0
122,1351,1046.0,71.0,214.0,463.0,361.0,973.0
123,1354,602.0,56.0,120.0,488.0,207.0,549.0
124,1355,413.0,12.0,90.0,140.0,105.0,372.0
125,1360,1213.0,144.0,217.0,483.0,438.0,1034.0
126,1364,3021.0,389.0,532.0,726.0,304.0,2638.0
127,1366,458.0,32.0,47.0,198.0,205.0,390.0
128,1367,178.0,24.0,39.0,49.0,36.0,143.0
129,1368,551.0,88.0,158.0,145.0,90.0,392.0
130,1370,1694.0,98.0,265.0,876.0,682.0,1537.0
131,1373,2355.0,182.0,558.0,839.0,958.0,1936.0
132,1375,1666.0,60.0,299.0,619.0,673.0,1526.0
133,1376,2312.0,209.0,308.0,557.0,436.0,1811.0
134,1378,319.0,19.0,48.0,154.0,68.0,275.0
135,1379,381.0,21.0,62.0,167.0,157.0,267.0
136,1380,14.0,0.0,0.0,8.0,2.0,9.0
137,1420,16383.0,1869.0,2501.0,4391.0,2155.0,14240.0
138,1430,2141.0,118.0,657.0,1027.0,509.0,2044.0
139,1431,1297.0,141.0,245.0,552.0,474.0,1232.0
140,1432,3560.0,315.0,510.0,1560.0,979.0,3168.0
141,1434,315.0,101.0,150.0,420.0,198.0,315.0
142,1436,1262.0,102.0,234.0,401.0,170.0,1004.0
143,1438,124.0,0.0,39.0,43.0,21.0,124.0
144,1440,8904.0,1227.0,2213.0,2148.0,958.0,7604.0
145,1450,3820.0,152.0,371.0,2628.0,2201.0,3652.0
146,1451,1668.0,43.0,91.0,1403.0,1238.0,1618.0
147,1452,1586.0,81.0,415.0,669.0,349.0,1442.0
148,1453,17896.0,1720.0,3362.0,6324.0,3527.0,16159.0
149,1460,3504.0,157.0,440.0,2016.0,1949.0,3364.0
150,1462,4447.0,283.0,791.0,2135.0,1087.0,4168.0
151,1463,4370.0,230.0,739.0,1902.0,1335.0,4119.0
152,1464,2345.0,534.0,542.0,1203.0,579.0,2164.0
153,1468,1622.0,205.0,466.0,687.0,327.0,1542.0
154,1469,2831.0,156.0,727.0,1450.0,707.0,2623.0
155,1473,3122.0,140.0,662.0,1450.0,1110.0,2873.0
156,1474,680.0,65.0,135.0,306.0,156.0,614.0
157,1475,3726.0,393.0,772.0,1021.0,612.0,3219.0
158,1501,6534.0,489.0,1254.0,2992.0,2124.0,5854.0
159,1503,1311.0,79.0,105.0,762.0,530.0,1151.0
160,1504,3874.0,171.0,769.0,1643.0,812.0,3618.0
161,1505,1834.0,95.0,355.0,1276.0,807.0,1783.0
162,1506,1395.0,99.0,258.0,479.0,221.0,1192.0
163,1507,4776.0,348.0,886.0,2138.0,1316.0,4431.0
164,1510,6455.0,637.0,1214.0,2593.0,1634.0,5882.0
165,1515,835.0,85.0,174.0,292.0,156.0,732.0
166,1516,3179.0,61.0,534.0,1922.0,697.0,2920.0
167,1518,1280.0,108.0,209.0,364.0,377.0,1135.0
168,1519,2652.0,62.0,270.0,1975.0,1166.0,2517.0
169,1520,6021.0,202.0,1156.0,3289.0,3304.0,5604.0
170,1521,1106.0,122.0,224.0,414.0,222.0,991.0
171,1522,1159.0,30.0,263.0,621.0,438.0,1092.0
172,1523,2801.0,395.0,332.0,1999.0,1072.0,2586.0
173,1524,2180.0,185.0,553.0,774.0,470.0,1936.0
174,1525,31.0,31.0,0.0,0.0,0.0,31.0
175,1527,5165.0,461.0,1158.0,1922.0,1369.0,4798.0
176,1529,1275.0,150.0,266.0,461.0,180.0,1087.0
177,1531,430.0,76.0,72.0,150.0,117.0,365.0
178,1532,5662.0,179.0,641.0,3443.0,4001.0,5549.0
179,1534,2367.0,282.0,441.0,1186.0,772.0,2088.0
180,1535,1883.0,176.0,282.0,582.0,378.0,1603.0
181,1536,2914.0,218.0,413.0,1238.0,1053.0,2663.0
182,1537,781.0,172.0,111.0,215.0,98.0,570.0
183,1540,3988.0,200.0,884.0,1327.0,1017.0,3692.0
184,1541,1298.0,35.0,251.0,871.0,787.0,1232.0
185,1542,992.0,73.0,250.0,329.0,232.0,911.0
186,1543,3052.0,127.0,522.0,1572.0,964.0,2933.0
187,1545,13808.0,657.0,1638.0,7988.0,8614.0,12971.0
188,1550,7094.0,1153.0,1127.0,1405.0,595.0,6048.0
189,1560,1902.0,105.0,260.0,994.0,779.0,1827.0
190,1561,17.0,0.0,0.0,33.0,0.0,17.0
191,1562,5186.0,385.0,623.0,1331.0,827.0,4446.0
192,1564,3248.0,179.0,392.0,1981.0,1163.0,3162.0
193,1566,2610.0,228.0,499.0,962.0,873.0,2459.0
194,1568,2651.0,107.0,303.0,2116.0,1194.0,2421.0
195,1569,5327.0,243.0,989.0,2608.0,1231.0,5000.0
196,1570,7414.0,760.0,1149.0,2558.0,956.0,6310.0
197,1571,4199.0,375.0,721.0,1291.0,773.0,3795.0
198,1581,7980.0,317.0,723.0,5213.0,5108.0,7534.0
199,1583,2784.0,418.0,658.0,1233.0,993.0,2513.0
200,1585,1968.0,182.0,489.0,832.0,293.0,1766.0
201,1588,4005.0,308.0,641.0,1527.0,766.0,3496.0
202,1590,3332.0,215.0,629.0,1585.0,1347.0,3038.0
203,1602,10527.0,581.0,981.0,4364.0,3846.0,9375.0
204,1603,7496.0,1405.0,1263.0,2018.0,922.0,6498.0
205,1604,16869.0,2582.0,2825.0,5748.0,3196.0,14961.0
206,1605,11626.0,1644.0,1649.0,3332.0,2036.0,9555.0
207,1606,9198.0,946.0,1327.0,3695.0,2690.0,8120.0
208,1607,3916.0,628.0,581.0,1374.0,462.0,3384.0
209,1608,1945.0,231.0,200.0,626.0,245.0,1715.0
210,1609,8439.0,1089.0,863.0,2928.0,3160.0,6975.0
211,1610,8866.0,2016.0,1186.0,1473.0,877.0,7188.0
212,1611,783.0,130.0,124.0,273.0,115.0,653.0
213,1612,1588.0,56.0,327.0,1022.0,727.0,1442.0
214,1701,13189.0,499.0,1503.0,8778.0,6428.0,12510.0
215,1702,14810.0,1842.0,1605.0,6360.0,4160.0,13571.0
216,1718,228.0,0.0,38.0,204.0,185.0,228.0
217,1719,2180.0,59.0,211.0,1262.0,1496.0,2128.0
218,1720,8678.0,275.0,674.0,5362.0,6666.0,8229.0
219,1721,7587.0,220.0,794.0,4193.0,4196.0,7157.0
220,1730,5540.0,216.0,525.0,3155.0,3599.0,5294.0
221,1731,478.0,0.0,155.0,247.0,189.0,473.0
222,1740,1853.0,15.0,234.0,1245.0,1451.0,1803.0
223,1741,1800.0,14.0,267.0,1042.0,1797.0,1739.0
224,1742,6357.0,470.0,497.0,3476.0,6016.0,6089.0
225,1745,215.0,9.0,54.0,140.0,105.0,199.0
226,1746,5354.0,196.0,608.0,3808.0,2946.0,4953.0
227,1747,2116.0,120.0,292.0,1140.0,675.0,1883.0
228,1748,6556.0,187.0,645.0,4334.0,4902.0,6020.0
229,1749,8035.0,754.0,1012.0,3915.0,2597.0,7399.0
230,1752,17147.0,1628.0,2166.0,6953.0,5303.0,16045.0
231,1754,4269.0,99.0,543.0,2212.0,2186.0,4144.0
232,1756,2076.0,35.0,506.0,1651.0,573.0,1962.0
233,1757,11487.0,1424.0,1983.0,4741.0,2820.0,10131.0
234,1760,15153.0,456.0,1355.0,8630.0,9435.0,14040.0
235,1770,1515.0,38.0,92.0,1076.0,1316.0,1424.0
236,1772,3364.0,90.0,292.0,2398.0,2278.0,3249.0
237,1773,2123.0,63.0,78.0,1126.0,2017.0,1943.0
238,1775,2646.0,45.0,191.0,1836.0,1834.0,2574.0
239,1776,6208.0,70.0,344.0,4383.0,5699.0,6067.0
240,1778,4838.0,65.0,338.0,3233.0,4092.0,4707.0
241,1801,16292.0,1035.0,2353.0,7995.0,5764.0,14904.0
242,1803,10093.0,318.0,1378.0,6797.0,4721.0,9555.0
243,1810,13235.0,205.0,1261.0,8490.0,10051.0,12748.0
244,1821,11664.0,724.0,2542.0,5662.0,3712.0,11187.0
245,1824,9915.0,389.0,1885.0,6318.0,4488.0,9465.0
246,1826,12350.0,1125.0,1878.0,5476.0,1992.0,10983.0
247,1827,1136.0,43.0,248.0,773.0,534.0,1120.0
248,1830,10759.0,1380.0,1548.0,3350.0,1907.0,9274.0
249,1832,9915.0,1185.0,1669.0,3338.0,1533.0,8659.0
250,1833,3185.0,90.0,401.0,2021.0,1225.0,2923.0
251,1834,2532.0,146.0,496.0,1453.0,889.0,2394.0
252,1835,5434.0,361.0,1420.0,2463.0,1225.0,5077.0
253,1840,3068.0,829.0,136.0,394.0,196.0,1986.0
254,1841,17019.0,4233.0,1142.0,2776.0,878.0,12999.0
255,1843,10204.0,1940.0,1358.0,1970.0,1153.0,8370.0
256,1844,18792.0,1922.0,3462.0,7038.0,3857.0,17077.0
257,1845,10971.0,220.0,1882.0,6660.0,5382.0,10415.0
258,1850,5864.0,734.0,976.0,1048.0,675.0,4942.0
259,1851,11376.0,1700.0,1447.0,3982.0,2684.0,9335.0
260,1852,14628.0,1806.0,1760.0,4234.0,3294.0,12013.0
261,1854,10417.0,1562.0,1536.0,3234.0,1640.0,8500.0
262,1860,2589.0,145.0,478.0,1199.0,424.0,2319.0
263,1862,3956.0,521.0,722.0,1928.0,901.0,3765.0
264,1863,3713.0,165.0,659.0,1504.0,1504.0,3481.0
265,1864,5848.0,210.0,937.0,3743.0,2202.0,5708.0
266,1867,9297.0,241.0,1018.0,6346.0,5401.0,8813.0
267,1876,11903.0,814.0,1953.0,5517.0,3978.0,11037.0
268,1879,4053.0,231.0,873.0,2486.0,1366.0,3945.0
269,1880,10905.0,552.0,1584.0,6424.0,4733.0,10134.0
270,1886,8515.0,118.0,1011.0,5540.0,6106.0,8059.0
271,1887,7756.0,417.0,1131.0,4815.0,3104.0,7377.0
272,1890,8149.0,195.0,473.0,4253.0,7365.0,7618.0
273,1901,1194.0,39.0,73.0,290.0,185.0,880.0
274,1902,18673.0,3285.0,2576.0,4277.0,2135.0,14908.0
275,1904,7044.0,669.0,1292.0,2352.0,1640.0,6370.0
276,1905,9339.0,1783.0,1639.0,2389.0,634.0,8290.0
277,1906,10581.0,1251.0,1888.0,4123.0,2591.0,9407.0
278,1907,6169.0,141.0,909.0,3289.0,3526.0,5819.0
279,1908,1678.0,42.0,189.0,1015.0,792.0,1598.0
280,1913,7326.0,536.0,1500.0,3146.0,1853.0,6583.0
281,1915,16363.0,655.0,2880.0,8545.0,5409.0,14505.0
282,1921,2905.0,134.0,422.0,2371.0,1634.0,2868.0
283,1922,1196.0,59.0,261.0,861.0,656.0,1170.0
284,1923,10964.0,733.0,1812.0,5839.0,3359.0,10009.0
285,1929,1335.0,65.0,197.0,864.0,710.0,1270.0
286,1930,13168.0,702.0,2600.0,5284.0,3793.0,11750.0
287,1937,0.0,53.0,0.0,24.0,13.0,0.0
288,1938,5573.0,142.0,935.0,3175.0,2381.0,5053.0
289,1940,4663.0,142.0,555.0,2967.0,2361.0,4290.0
290,1944,2080.0,22.0,152.0,1685.0,1287.0,2057.0
291,1945,8075.0,89.0,819.0,6227.0,5002.0,7823.0
292,1949,3122.0,553.0,587.0,1857.0,997.0,3002.0
293,1950,7537.0,253.0,794.0,4677.0,3874.0,7021.0
294,1951,1337.0,0.0,195.0,860.0,496.0,1252.0
295,1952,3885.0,366.0,627.0,1975.0,977.0,3535.0
296,1960,22681.0,1489.0,3690.0,9321.0,4630.0,19736.0
297,1965,354.0,33.0,18.0,585.0,102.0,336.0
298,1966,3319.0,192.0,494.0,1723.0,1577.0,2930.0
299,1969,2326.0,110.0,393.0,1157.0,1000.0,2125.0
300,1970,19699.0,956.0,2122.0,9389.0,6193.0,17406.0
301,1982,2575.0,49.0,298.0,1946.0,1639.0,2451.0
302,1983,2202.0,56.0,281.0,1752.0,1547.0,2075.0
303,1984,1291.0,9.0,153.0,980.0,707.0,1168.0
304,1985,1591.0,73.0,238.0,1173.0,906.0,1555.0
305,2019,6250.0,281.0,1091.0,2837.0,1680.0,5924.0
306,2021,9305.0,299.0,1397.0,5620.0,4962.0,8530.0
307,2025,3146.0,80.0,314.0,2070.0,1969.0,2948.0
308,2026,10458.0,660.0,984.0,5582.0,4682.0,9489.0
309,2030,1916.0,21.0,99.0,1137.0,2083.0,1877.0
310,2032,1522.0,68.0,182.0,1074.0,864.0,1514.0
311,2035,7289.0,203.0,904.0,4117.0,3050.0,6966.0
312,2038,12118.0,243.0,1946.0,6760.0,5315.0,11547.0
313,2043,9252.0,144.0,1062.0,6107.0,6081.0,8410.0
314,2045,4380.0,245.0,585.0,2350.0,1715.0,4096.0
315,2047,89.0,0.0,33.0,0.0,34.0,89.0
316,2048,8707.0,653.0,1607.0,5075.0,3746.0,8210.0
317,2050,10142.0,341.0,1567.0,5994.0,3580.0,9629.0
318,2052,4373.0,0.0,522.0,3230.0,3031.0,4226.0
319,2053,4812.0,189.0,761.0,3520.0,1988.0,4479.0
320,2054,3078.0,191.0,552.0,1743.0,1030.0,2943.0
321,2056,2967.0,502.0,588.0,2555.0,1505.0,2900.0
322,2061,3567.0,76.0,529.0,2913.0,1869.0,3424.0
323,2062,13002.0,667.0,1710.0,7445.0,4505.0,11977.0
324,2066,7412.0,161.0,1263.0,5071.0,3489.0,6894.0
325,2067,6395.0,138.0,649.0,4172.0,5155.0,6057.0
326,2071,383.0,0.0,82.0,417.0,73.0,383.0
327,2072,11277.0,1016.0,1789.0,5163.0,3729.0,10288.0
328,2081,7251.0,407.0,1060.0,5017.0,2685.0,6818.0
329,2090,5424.0,244.0,685.0,3975.0,3736.0,5118.0
330,2093,4480.0,167.0,724.0,3106.0,1745.0,4213.0
331,2108,1905.0,66.0,94.0,861.0,1282.0,1817.0
332,2109,1958.0,51.0,63.0,1477.0,1087.0,1926.0
333,2110,1282.0,45.0,81.0,748.0,1029.0,1255.0
334,2111,3515.0,222.0,162.0,1136.0,1779.0,3282.0
335,2113,4025.0,103.0,239.0,2598.0,1533.0,3783.0
336,2114,7358.0,241.0,198.0,4682.0,4821.0,7050.0
337,2115,9455.0,523.0,430.0,4359.0,2972.0,8002.0
338,2116,11707.0,327.0,317.0,5461.0,7612.0,10910.0
339,2118,13847.0,1041.0,721.0,5988.0,6250.0,12334.0
340,2119,11953.0,1953.0,1043.0,3704.0,2053.0,8993.0
341,2120,4701.0,641.0,239.0,1790.0,1086.0,3912.0
342,2121,10718.0,1579.0,1158.0,2543.0,1563.0,8151.0
343,2122,9004.0,1640.0,807.0,3137.0,2744.0,7873.0
344,2124,19395.0,2901.0,2746.0,6724.0,4572.0,17137.0
345,2125,12986.0,1171.0,1095.0,5067.0,3906.0,11026.0
346,2126,8785.0,1311.0,1230.0,2100.0,1649.0,7422.0
347,2127,16799.0,886.0,736.0,12693.0,7095.0,15168.0
348,2128,16925.0,2657.0,1240.0,7232.0,3761.0,15025.0
349,2129,9278.0,723.0,452.0,5477.0,5182.0,8572.0
350,2130,17609.0,1033.0,952.0,8788.0,13172.0,15835.0
351,2131,12450.0,1110.0,1460.0,5675.0,5737.0,11053.0
352,2132,10941.0,437.0,1446.0,6064.0,6635.0,9946.0
353,2133,0.0,0.0,0.0,0.0,0.0,0.0
354,2134,8082.0,103.0,417.0,5315.0,4444.0,7319.0
355,2135,20040.0,913.0,1099.0,13614.0,9985.0,18026.0
356,2136,13929.0,1666.0,2830.0,5882.0,3192.0,12250.0
357,2138,14377.0,195.0,403.0,6864.0,13301.0,12711.0
358,2139,15263.0,619.0,524.0,8182.0,12597.0,14080.0
359,2140,9437.0,312.0,300.0,4174.0,7936.0,8662.0
360,2141,6826.0,314.0,307.0,3104.0,4393.0,6204.0
361,2142,2077.0,0.0,79.0,1091.0,1833.0,2031.0
362,2143,11623.0,730.0,398.0,7071.0,7803.0,10669.0
363,2144,11363.0,480.0,443.0,7306.0,6728.0,10388.0
364,2145,11349.0,1089.0,1091.0,5900.0,4691.0,10417.0
365,2148,25582.0,2081.0,3123.0,11844.0,8216.0,22758.0
366,2149,17091.0,2540.0,1711.0,5461.0,2811.0,15464.0
367,2150,13337.0,2553.0,1391.0,3635.0,1897.0,10987.0
368,2151,21663.0,2984.0,2570.0,7213.0,3752.0,18799.0
369,2152,8242.0,330.0,1210.0,4062.0,2168.0,7149.0
370,2155,24771.0,1583.0,2381.0,13253.0,11467.0,22939.0
371,2163,403.0,0.0,0.0,665.0,393.0,186.0
372,2169,27629.0,1593.0,3579.0,12344.0,9033.0,25253.0
373,2170,8001.0,1114.0,1253.0,3923.0,2609.0,7216.0
374,2171,8869.0,909.0,1027.0,4490.0,3263.0,8054.0
375,2176,11926.0,425.0,1532.0,7250.0,6117.0,11096.0
376,2180,9758.0,714.0,1183.0,5080.0,3329.0,8968.0
377,2184,14384.0,881.0,2036.0,7395.0,5252.0,13221.0
378,2186,8797.0,367.0,1099.0,5485.0,6116.0,8192.0
379,2188,7085.0,544.0,934.0,3149.0,1847.0,6132.0
380,2189,6194.0,331.0,1104.0,2850.0,1398.0,5541.0
381,2190,7677.0,493.0,1465.0,3602.0,2080.0,6910.0
382,2191,3444.0,199.0,537.0,1760.0,795.0,3098.0
383,2199,833.0,15.0,0.0,456.0,487.0,788.0
384,2203,0.0,0.0,0.0,0.0,0.0,0.0
385,2205,0.0,0.0,0.0,0.0,0.0,0.0
386,2210,3016.0,0.0,115.0,1647.0,2108.0,2994.0
387,2215,7931.0,254.0,246.0,3419.0,4653.0,7312.0
388,2301,22928.0,4078.0,3574.0,6687.0,2625.0,19209.0
389,2302,12164.0,1926.0,2164.0,2820.0,1398.0,10664.0
390,2322,1653.0,158.0,489.0,783.0,192.0,1479.0
391,2324,8657.0,749.0,1452.0,4440.0,2696.0,8204.0
392,2325,30.0,0.0,0.0,24.0,3.0,30.0
393,2330,4648.0,264.0,893.0,1106.0,875.0,4239.0
394,2332,6092.0,408.0,416.0,4781.0,3286.0,5912.0
395,2333,4952.0,223.0,1132.0,2050.0,983.0,4569.0
396,2338,2930.0,190.0,437.0,1236.0,587.0,2589.0
397,2339,4744.0,197.0,1002.0,3137.0,1871.0,4384.0
398,2341,3850.0,352.0,555.0,1606.0,973.0,3409.0
399,2343,4695.0,424.0,980.0,1937.0,610.0,3995.0
400,2346,9727.0,613.0,2126.0,3323.0,1455.0,8816.0
401,2347,4162.0,417.0,1071.0,1960.0,1045.0,3966.0
402,2350,70.0,0.0,17.0,25.0,0.0,70.0
403,2351,6083.0,320.0,1261.0,3417.0,1486.0,5448.0
404,2356,4511.0,130.0,698.0,2795.0,2039.0,4175.0
405,2357,0.0,0.0,0.0,0.0,7.0,0.0
406,2359,6861.0,210.0,1620.0,3242.0,2225.0,6403.0
407,2360,24985.0,1423.0,5184.0,12226.0,7322.0,23416.0
408,2364,5321.0,217.0,1070.0,3304.0,1430.0,4639.0
409,2366,0.0,15.0,12.0,0.0,11.0,0.0
410,2367,989.0,116.0,169.0,443.0,266.0,893.0
411,2368,12167.0,1899.0,2781.0,4952.0,2619.0,11198.0
412,2370,6654.0,388.0,1256.0,2800.0,1122.0,5713.0
413,2375,4482.0,213.0,684.0,2267.0,1392.0,4266.0
414,2379,2726.0,135.0,482.0,1584.0,658.0,2482.0
415,2382,5684.0,357.0,1408.0,1875.0,889.0,4767.0
416,2420,5374.0,116.0,296.0,2598.0,6325.0,5240.0
417,2421,6927.0,167.0,365.0,3461.0,7522.0,6655.0
418,2445,9225.0,169.0,366.0,4458.0,7950.0,8851.0
419,2446,14278.0,176.0,314.0,5677.0,12647.0,13321.0
420,2451,7586.0,418.0,1184.0,3755.0,3362.0,7072.0
421,2452,5215.0,276.0,535.0,2629.0,2140.0,4864.0
422,2453,12115.0,796.0,1148.0,6272.0,5396.0,10898.0
423,2457,18.0,0.0,0.0,11.0,0.0,0.0
424,2458,4871.0,103.0,468.0,2703.0,3806.0,4658.0
425,2459,6268.0,23.0,419.0,3543.0,7385.0,6162.0
426,2460,3776.0,72.0,126.0,1776.0,3488.0,3488.0
427,2461,2532.0,23.0,45.0,1515.0,2739.0,2470.0
428,2462,532.0,32.0,21.0,294.0,381.0,490.0
429,2464,1370.0,30.0,247.0,667.0,1218.0,1354.0
430,2465,4436.0,188.0,328.0,2750.0,3861.0,4265.0
431,2466,2990.0,72.0,187.0,1622.0,2496.0,2705.0
432,2467,6746.0,44.0,527.0,3519.0,6509.0,6411.0
433,2468,1873.0,20.0,86.0,957.0,2323.0,1846.0
434,2472,16067.0,332.0,1678.0,8833.0,9583.0,15052.0
435,2474,11649.0,256.0,872.0,6747.0,8723.0,11158.0
436,2476,7659.0,217.0,489.0,3872.0,5785.0,7115.0
437,2478,10372.0,240.0,676.0,4983.0,9659.0,9802.0
438,2481,4743.0,112.0,164.0,3001.0,4814.0,4505.0
439,2482,3907.0,56.0,297.0,2181.0,3560.0,3598.0
440,2492,7160.0,111.0,365.0,4079.0,7239.0,6844.0
441,2493,3731.0,83.0,260.0,2440.0,3925.0,3590.0
442,2494,4100.0,75.0,417.0,2111.0,3570.0,3854.0
443,2532,5688.0,287.0,936.0,2297.0,1648.0,5253.0
444,2534,379.0,37.0,26.0,266.0,279.0,379.0
445,2535,742.0,57.0,102.0,634.0,398.0,701.0
446,2536,8373.0,773.0,1643.0,3820.0,2628.0,7569.0
447,2537,2488.0,76.0,709.0,1349.0,1246.0,2423.0
448,2538,1748.0,56.0,306.0,335.0,90.0,1639.0
449,2539,1401.0,90.0,389.0,1077.0,340.0,1170.0
450,2540,4171.0,331.0,607.0,1906.0,2544.0,3711.0
451,2542,244.0,4.0,21.0,69.0,72.0,215.0
452,2543,485.0,8.0,10.0,234.0,468.0,462.0
453,2553,30.0,0.0,30.0,0.0,0.0,30.0
454,2554,3973.0,143.0,825.0,3306.0,1789.0,3621.0
455,2556,1018.0,0.0,152.0,670.0,549.0,1003.0
456,2557,685.0,65.0,40.0,295.0,275.0,600.0
457,2558,993.0,73.0,171.0,220.0,95.0,803.0
458,2559,1593.0,56.0,323.0,520.0,638.0,1323.0
459,2561,280.0,0.0,88.0,164.0,89.0,280.0
460,2562,1236.0,78.0,191.0,748.0,244.0,1196.0
461,2563,3983.0,90.0,753.0,2267.0,1476.0,3604.0
462,2564,33.0,0.0,0.0,35.0,39.0,33.0
463,2568,3044.0,190.0,475.0,1659.0,1321.0,2599.0
464,2571,4824.0,350.0,1074.0,1452.0,962.0,4052.0
465,2575,907.0,30.0,207.0,333.0,814.0,813.0
466,2576,1767.0,223.0,183.0,433.0,214.0,1566.0
467,2584,25.0,0.0,0.0,5.0,5.0,25.0
468,2601,6794.0,835.0,1125.0,1899.0,1115.0,6035.0
469,2630,744.0,60.0,153.0,322.0,504.0,744.0
470,2631,4519.0,175.0,739.0,1761.0,1854.0,4031.0
471,2632,4744.0,227.0,1146.0,2284.0,1804.0,4471.0
472,2633,2269.0,51.0,231.0,1493.0,1148.0,1990.0
473,2635,1376.0,22.0,302.0,771.0,519.0,1207.0
474,2637,129.0,0.0,32.0,105.0,52.0,89.0
475,2638,1447.0,144.0,177.0,519.0,589.0,1364.0
476,2639,1712.0,103.0,258.0,585.0,168.0,1460.0
477,2641,91.0,0.0,0.0,107.0,46.0,66.0
478,2642,2525.0,70.0,530.0,1192.0,1004.0,2230.0
479,2643,0.0,0.0,0.0,0.0,0.0,0.0
480,2644,1447.0,94.0,560.0,590.0,364.0,1432.0
481,2645,4474.0,126.0,732.0,1994.0,1600.0,4125.0
482,2646,896.0,17.0,201.0,473.0,443.0,850.0
483,2647,67.0,25.0,0.0,89.0,0.0,67.0
484,2648,3064.0,206.0,1058.0,1186.0,1053.0,3000.0
485,2649,6603.0,149.0,1316.0,2793.0,1838.0,6116.0
486,2650,340.0,9.0,9.0,221.0,168.0,321.0
487,2652,618.0,29.0,32.0,113.0,324.0,589.0
488,2653,2989.0,38.0,448.0,1733.0,1485.0,2851.0
489,2655,1527.0,27.0,317.0,726.0,768.0,1434.0
490,2657,1968.0,33.0,164.0,908.0,884.0,1665.0
491,2659,555.0,29.0,49.0,274.0,210.0,549.0
492,2660,2896.0,153.0,676.0,1296.0,747.0,2510.0
493,2663,178.0,0.0,13.0,112.0,170.0,168.0
494,2664,3989.0,244.0,671.0,1412.0,1114.0,3500.0
495,2666,295.0,0.0,0.0,126.0,170.0,235.0
496,2667,1558.0,113.0,194.0,625.0,828.0,1430.0
497,2668,1004.0,0.0,135.0,503.0,379.0,955.0
498,2670,829.0,18.0,148.0,418.0,251.0,738.0
499,2671,463.0,0.0,113.0,185.0,240.0,394.0
500,2672,88.0,0.0,0.0,65.0,23.0,88.0
501,2673,3839.0,247.0,635.0,1432.0,1032.0,3497.0
502,2675,3087.0,35.0,504.0,1894.0,1267.0,2852.0
503,2702,1673.0,52.0,332.0,933.0,460.0,1564.0
504,2703,17898.0,1924.0,3059.0,7210.0,3094.0,15799.0
505,2713,18.0,10.0,2.0,13.0,1.0,12.0
506,2715,1383.0,21.0,472.0,455.0,321.0,1183.0
507,2717,1696.0,144.0,549.0,862.0,367.0,1596.0
508,2718,2444.0,600.0,347.0,664.0,491.0,2178.0
509,2719,6872.0,466.0,1201.0,2444.0,1031.0,5942.0
510,2720,13787.0,2150.0,1837.0,3220.0,1913.0,11352.0
511,2721,11010.0,2406.0,1693.0,1794.0,562.0,8091.0
512,2723,7511.0,882.0,959.0,830.0,309.0,5598.0
513,2724,8389.0,1836.0,800.0,1164.0,466.0,6022.0
514,2725,934.0,134.0,215.0,407.0,153.0,892.0
515,2726,6314.0,582.0,1509.0,2770.0,1314.0,5496.0
516,2738,1993.0,107.0,353.0,954.0,893.0,1867.0
517,2739,2926.0,103.0,541.0,1395.0,1211.0,2766.0
518,2740,19301.0,3306.0,2516.0,3926.0,2051.0,15529.0
519,2743,4060.0,494.0,663.0,1434.0,354.0,3606.0
520,2744,5157.0,938.0,760.0,828.0,310.0,3946.0
521,2745,10154.0,1671.0,1847.0,2414.0,822.0,8669.0
522,2746,6697.0,1178.0,688.0,833.0,180.0,5188.0
523,2747,7237.0,1180.0,1417.0,2792.0,1540.0,6359.0
524,2748,4779.0,239.0,849.0,2010.0,1796.0,4262.0
525,2760,11550.0,775.0,1901.0,5576.0,3275.0,10680.0
526,2762,4144.0,250.0,839.0,2140.0,1147.0,3881.0
527,2763,723.0,34.0,99.0,533.0,298.0,575.0
528,2764,1560.0,100.0,264.0,663.0,375.0,1502.0
529,2766,6489.0,442.0,1099.0,3295.0,1832.0,5913.0
530,2767,5550.0,522.0,1150.0,2729.0,1554.0,5006.0
531,2769,4377.0,269.0,800.0,2226.0,1530.0,4102.0
532,2770,2032.0,90.0,537.0,1209.0,874.0,1940.0
533,2771,5969.0,611.0,1016.0,2814.0,2148.0,5458.0
534,2777,6752.0,779.0,1461.0,2402.0,1532.0,5959.0
535,2779,2294.0,103.0,396.0,1347.0,662.0,2094.0
536,2780,20625.0,2920.0,3032.0,5890.0,2185.0,17168.0
537,2790,6667.0,709.0,1383.0,2041.0,1695.0,5907.0
538,2791,244.0,0.0,10.0,38.0,248.0,164.0
